<?xml version="1.0" encoding="UTF-8"?>

<!-- 
 * converters.xml
 *
 * Copyright (C) 2017 Universidad de Sevilla
 * 
 * The use of this project is hereby constrained to the conditions of the 
 * TDG Licence, a copy of which you may download from 
 * http://www.tdg-seville.info/License.html
 -->

<beans xmlns="http://www.springframework.org/schema/beans"
	xmlns:xsi="http://www.w3.org/2001/XMLSchema-instance" xmlns:util="http://www.springframework.org/schema/util"
	xsi:schemaLocation="
		http://www.springframework.org/schema/beans http://www.springframework.org/schema/beans/spring-beans-4.0.xsd		
		http://www.springframework.org/schema/util http://www.springframework.org/schema/util/spring-util-4.0.xsd		
	">

	<util:list id="converters">
		<!-- 
			Add your own converters using entries of the following form: 
			<bean class="converters.Class1ToClass2" /> 
		-->
		<bean class="converters.ActorToStringConverter" />
		<bean class="converters.StringToActorConverter" />
		
		<bean class="converters.AdministratorToStringConverter" /> 
		<bean class="converters.StringToAdministratorConverter" />
		
		<bean class="converters.BannerToStringConverter" /> 
		<bean class="converters.StringToBannerConverter" />
		
		<bean class="converters.CacheTimeToStringConverter" /> 
		<bean class="converters.StringToCacheTimeConverter" />
		
		<bean class="converters.ChirpToStringConverter" /> 
		<bean class="converters.StringToChirpConverter" />
		
		<bean class="converters.ChorbiToStringConverter" /> 
		<bean class="converters.StringToChorbiConverter" />
		
		<bean class="converters.EventToStringConverter" /> 
		<bean class="converters.StringToEventConverter" />
		
		<bean class="converters.GenreToStringConverter" /> 
		<bean class="converters.StringToGenreConverter" />
		
		<bean class="converters.KindRelationshipToStringConverter" /> 
		<bean class="converters.StringToKindRelationshipConverter" />
		
		<bean class="converters.FeeToStringConverter" /> 
		<bean class="converters.StringToFeeConverter" />
		
		<bean class="converters.ManagerToStringConverter" /> 
		<bean class="converters.StringToManagerConverter" />
		
		<bean class="converters.RelationEventToStringConverter" />
		<bean class="converters.StringToRelationEventConverter" />
		
		<bean class="converters.RelationLikeToStringConverter" />
		<bean class="converters.StringToRelationLikeConverter" />
		
		<bean class="converters.SearchTemplateToStringConverter" />
		<bean class="converters.StringToSearchTemplateConverter" />
		
		<bean class="converters.UserAccountToStringConverter" />
		<bean class="converters.StringToUserAccountConverter" />
		
		<bean class="converters.MailerToStringConverter" />
		<bean class="converters.StringToMailerConverter" />
		
		<bean class="converters.AuthorityToStringConverter" />
		<bean class="converters.StringToAuthorityConverter" />
		
	</util:list>
	
</beans>