<?xml version="1.0" encoding="UTF-8"?>

<!-- 
 * PopulateDatabase.xml
 *
 * Copyright (C) 2017 Universidad de Sevilla
 * 
 * The use of this project is hereby constrained to the conditions of the 
 * TDG Licence, a copy of which you may download from 
 * http://www.tdg-seville.info/License.html
 -->

<beans xmlns="http://www.springframework.org/schema/beans"
	xmlns:xsi="http://www.w3.org/2001/XMLSchema-instance"
	xsi:schemaLocation="
		http://www.springframework.org/schema/beans http://www.springframework.org/schema/beans/spring-beans.xsd
	">
	
	<!-- User accounts -->

	<bean id="userAccount1" class="security.UserAccount">
		<property name="username" value="admin" />
		<property name="password" value="21232f297a57a5a743894a0e4a801fc3" />
		<property name="authorities">
			<list>
				<bean class="security.Authority">
					<property name="authority" value="ADMIN" />
				</bean>
			</list>
		</property>
	</bean>

	<bean id="userAccount2" class="security.UserAccount">
		<property name="username" value="chorbi1" />
		<property name="password" value="3daa859a294cdefb20a84840240a76f5" />
		<property name="authorities">
			<list>
				<bean class="security.Authority">
					<property name="authority" value="CHORBI" />
				</bean>
			</list>
		</property>
	</bean>
	
	<bean id="userAccount3" class="security.UserAccount">
		<property name="username" value="chorbi2" />
		<property name="password" value="0c8746de81268518ff83490301db8652" />
		<property name="authorities">
			<list>
				<bean class="security.Authority">
					<property name="authority" value="CHORBI" />
				</bean>
			</list>
		</property>
	</bean>
	
	<bean id="userAccount4" class="security.UserAccount">
		<property name="username" value="chorbi3" />
		<property name="password" value="a2da05a88eead7e64593826cafc6a7a7" />
		<property name="authorities">
			<list>
				<bean class="security.Authority">
					<property name="authority" value="CHORBI" />
				</bean>
			</list>
		</property>
	</bean>
	
	<bean id="userAccount5" class="security.UserAccount">
		<property name="username" value="chorbi4" />
		<property name="password" value="a09dd233386632e297a7f4f461989563" />
		<property name="authorities">
			<list>
				<bean class="security.Authority">
					<property name="authority" value="CHORBI" />
				</bean>
			</list>
		</property>
	</bean>
	
	<bean id="userAccount6" class="security.UserAccount">
		<property name="username" value="chorbi5" />
		<property name="password" value="7e062f6f2a4c0f7ec5abacef2917e033" />
		<property name="authorities">
			<list>
				<bean class="security.Authority">
					<property name="authority" value="CHORBI" />
				</bean>
			</list>
		</property>
	</bean>
	
	<bean id="userAccount7" class="security.UserAccount">
		<property name="username" value="manager1" />
		<property name="password" value="c240642ddef994358c96da82c0361a58" />
		<property name="authorities">
			<list>
				<bean class="security.Authority">
					<property name="authority" value="MANAGER" />
				</bean>
			</list>
		</property>
	</bean>
	
	<bean id="userAccount8" class="security.UserAccount">
		<property name="username" value="manager2" />
		<property name="password" value="8df5127cd164b5bc2d2b78410a7eea0c" />
		<property name="authorities">
			<list>
				<bean class="security.Authority">
					<property name="authority" value="MANAGER" />
				</bean>
			</list>
		</property>
	</bean>
	
	<bean id="userAccount9" class="security.UserAccount">
		<property name="username" value="manager3" />
		<property name="password" value="2d3a5db4a2a9717b43698520a8de57d0" />
		<property name="authorities">
			<list>
				<bean class="security.Authority">
					<property name="authority" value="MANAGER" />
				</bean>
			</list>
		</property>
	</bean>
	
	
	<!-- Banners -->
	<bean id="banner1" class="domain.Banner">
	<property name="url" value="https://c1.staticflickr.com/3/2813/33640539192_f498ce27f2.jpg"/>
	</bean>
	
	<bean id="banner2" class="domain.Banner">
	<property name="url" value="https://c1.staticflickr.com/4/3837/33667275001_890d00ddd7.jpg"/>
	</bean>
	
	<bean id="banner3" class="domain.Banner">
	<property name="url" value="https://c1.staticflickr.com/4/3856/33667279331_a4ec3acb2e_b.jpg"/>
	</bean>
	
	<!-- Cache Time -->
	<bean id="cacheTimer" class="domain.CacheTime">
	<property name="time" value="12:00:00"/>
	</bean>
	
	<!-- Fee -->
	<bean id="fee" class="domain.Fee">
	<property name="chorbiValue" value="1.00"/>
	<property name="managerValue" value="1.00"/>
	</bean>
	
	<!-- Genre -->
	
	<bean id="genre3" class="domain.Genre">
	<property name="value" value="none"/>
	</bean>
	
	<bean id="genre1" class="domain.Genre">
	<property name="value" value="man"/>
	</bean>
	
	<bean id="genre2" class="domain.Genre">
	<property name="value" value="woman"/>
	</bean>
	
	<!-- KindRelationShip -->
	
	<bean id="kindRelationship4" class="domain.KindRelationship">
	<property name="value" value="none"/>
	</bean>
	
	<bean id="kindRelationship1" class="domain.KindRelationship">
	<property name="value" value="activities"/>
	</bean>
	
	<bean id="kindRelationship2" class="domain.KindRelationship">
	<property name="value" value="friendship"/>
	</bean>
	
	<bean id="kindRelationship3" class="domain.KindRelationship">
	<property name="value" value="love"/>
	</bean>
	

	<!-- Credit Card -->
	<bean id="creditCard1" class="domain.CreditCard">
		<property name="holderName" value="Juan Vazquez" />
		<property name="brandName" value="Visa" />
		<property name="number" value="4079978752719950" />
		<property name="expirationMonth" value="10" />
		<property name="expirationYear" value="2019" />
		<property name="cvv" value="580" />
	</bean>
	
	<bean id="creditCard2" class="domain.CreditCard">
	  <property name="holderName" value="Nica Griego Barco" />
	  <property name="brandName" value="MasterCard" />
	  <property name="number" value="348336595595090" />
	  <property name="expirationMonth" value="12" />
	  <property name="expirationYear" value="2017" />
	  <property name="cvv" value="998" />
	 </bean>

	<bean id="creditCard3" class="domain.CreditCard">
	  <property name="holderName" value="Manolo Romero Vazquez" />
	  <property name="brandName" value="Discover" />
	  <property name="number" value="6011330960939283" />
	  <property name="expirationMonth" value="1" />
	  <property name="expirationYear" value="2019" />
	  <property name="cvv" value="582" />
	 </bean>
	
	<bean id="creditCard4" class="domain.CreditCard">
	  <property name="holderName" value="Irene Garcia Vazquez" />
	  <property name="brandName" value="MasterCard" />
	  <property name="number" value="5237494243102802" />
	  <property name="expirationMonth" value="8" />
	  <property name="expirationYear" value="2020" />
	  <property name="cvv" value="220" />
	 </bean>
	 
	 <bean id="creditCard5" class="domain.CreditCard">
	  <property name="holderName" value="Pedro Almodovar" />
	  <property name="brandName" value="Visa" />
	  <property name="number" value="4735179919208401" />
	  <property name="expirationMonth" value="4" />
	  <property name="expirationYear" value="2019" />
	  <property name="cvv" value="666" />
	 </bean>
	 
	 <bean id="creditCard6" class="domain.CreditCard">
	  <property name="holderName" value="Montse Caballet" />
	  <property name="brandName" value="MasterCard" />
	  <property name="number" value="5901769379901779" />
	  <property name="expirationMonth" value="9" />
	  <property name="expirationYear" value="2020" />
	  <property name="cvv" value="232" />
	 </bean>
	 
	 <bean id="creditCard7" class="domain.CreditCard">
	  <property name="holderName" value="Chunk Corris" />
	  <property name="brandName" value="Amex" />
	  <property name="number" value="371773256613913" />
	  <property name="expirationMonth" value="11" />
	  <property name="expirationYear" value="2021" />
	  <property name="cvv" value="456" />
	 </bean>
	 
	
	 
	 
	 
	 <!-- Coordinates -->
	 <bean id="coordinate1" class="domain.Coordinate">
	 <property name="country" value="España"></property>
	 <property name="state" value="Andalucia"></property>
	 <property name="province" value="Sevilla"></property>
	  <property name="city" value="Sevilla"></property>
	 </bean>
	 
	 <bean id="coordinate2" class="domain.Coordinate">
	 <property name="country" value="Rusia"></property>
	 <property name="state" value="Moscu"></property>
	 <property name="province" value="Moscu"></property>
	 <property name="city" value="Moscu"></property>
	 </bean>
	 
	 <bean id="coordinate3" class="domain.Coordinate">
	 <property name="country" value="España"></property>
	 <property name="state" value="Madrid"></property>
	 <property name="province" value="Madrid"></property>
	 <property name="city" value="Madrid"></property>
	 </bean>
	 
	 <bean id="coordinate4" class="domain.Coordinate">
	 <property name="country" value="España"></property>
	 <property name="state" value="Andalucia"></property>
	 <property name="province" value="Sevilla"></property>
	 <property name="city" value="Sevilla"></property>
	 </bean>
	 
	 <bean id="coordinate5" class="domain.Coordinate">
	 <property name="country" value="España"></property>
	 <property name="state" value="Andalucia"></property>
	 <property name="province" value="Sevilla"></property>
	 <property name="city" value="Sevilla"></property>
	 </bean>
	<!-- Admin -->
	<bean id="admin" class="domain.Administrator">
	<property name="name" value="Manuel" />
	<property name="surname" value="Torres" />
	<property name="email" value="manuto@gmail.com" />
	<property name="phone" value="+34 965845789" />
	<property name="userAccount" ref="userAccount1"/>
	</bean>
	<!-- SearchTemplate -->
	
	<bean id="searchTemplate1" class="domain.SearchTemplate">
	<property name="lastTimeSearched" value="03/31/2017 14:55"></property>
	</bean>
	
	<bean id="searchTemplate2" class="domain.SearchTemplate">
	<property name="lastTimeSearched" value="03/31/2017 14:55"></property>
	</bean>
	
	<bean id="searchTemplate3" class="domain.SearchTemplate">
	<property name="lastTimeSearched" value="03/31/2017 14:55"></property>
	</bean>
	
	<bean id="searchTemplate4" class="domain.SearchTemplate">
	<property name="lastTimeSearched" value="03/31/2017 14:55"></property>
	</bean>
	
	<bean id="searchTemplate5" class="domain.SearchTemplate">
	<property name="lastTimeSearched" value="03/31/2017 14:55"></property>
	</bean>
	<!-- Chorbies -->
	
	<bean id="chorbi1" class="domain.Chorbi">
	<property name="name" value="Juan" />
	<property name="surname" value="Vazquez" />
	<property name="email" value="juava@gmail.com" />
	<property name="phone" value="+34 966845789" />
	<property name="picture" value="http://2.bp.blogspot.com/-H6MLqMZhViM/VD7jpYbzemI/AAAAAAAABN0/C1eyjkI-Y4U/s1600/visitante%2Bmisterioso.jpg"/>
	<property name="description" value="description1"/>
	<property name="birthDate" value="02/06/1995"/>
	<property name="creditCard" ref="creditCard1"/>
	<property name="avgStars" value="2.0" />
	<property name="genre" ref="genre1"/>
	<property name="kindRelationship" ref="kindRelationship1"/>
	<property name="feeAmount" value="5.0" />
	<property name="coordinate" ref="coordinate1"/>
	<property name="banned" value="false"/>
	<property name="userAccount" ref="userAccount2"/>
	<property name="searchTemplate" ref="searchTemplate1"/>
	<property name="likesReceived">
		<list>
			<ref bean="relationLike5"/>
		</list>
	</property>
	<property name="likesSent">
		<list>
			<ref bean="relationLike1"/>
			<ref bean="relationLike2"/>
		</list>
	</property>
	<property name="sent">
		<list>
			<ref bean="chirp1"/>
			<ref bean="chirp2"/>
			<ref bean="chirp4"/>
		</list>
	</property>
	<property name="relationEvents">
		<list>
			<ref bean="relationEvent1"/>
			<ref bean="relationEvent6"/>
		</list>
	</property>
	</bean>
	
	<bean id="chorbi2" class="domain.Chorbi">
	<property name="name" value="Nica" />
	<property name="surname" value="Griego Barco" />
	<property name="email" value="nigriba@gmail.com" />
	<property name="phone" value="+34 966995789" />
	<property name="picture" value="http://photos1.blogger.com/blogger/1942/3777/1600/Anonimo.jpg"/>
	<property name="description" value="description2"/>
	<property name="birthDate" value="02/06/1992"/>
	<property name="creditCard" ref="creditCard2"/>
	<property name="genre" ref="genre2"/>
	<property name="avgStars" value="3.0" />
	<property name="kindRelationship" ref="kindRelationship2"/>
	<property name="feeAmount" value="23.0" />
	<property name="coordinate" ref="coordinate2"/>
	<property name="banned" value="false"/>
	<property name="userAccount" ref="userAccount3"/>
	<property name="searchTemplate" ref="searchTemplate2"/>
	<property name="likesReceived">
		<list>
			<ref bean="relationLike1"/>
			<ref bean="relationLike6"/>
		</list>
	</property>
	<property name="likesSent">
		<list>
			<ref bean="relationLike3"/>
			<ref bean="relationLike5"/>
		</list>
	</property>
	<property name="sent">
		<list>
			<ref bean="chirp3"/>
		</list>
	</property>
	<property name="received">
		<list>
			<ref bean="chirp1"/>
			<ref bean="chirp4"/>
		</list>
	</property>
	<property name="relationEvents">
		<list>
			<ref bean="relationEvent2"/>
		</list>
	</property>
	</bean>
	
	<bean id="chorbi3" class="domain.Chorbi">
	<property name="name" value="Manolo" />
	<property name="surname" value="Romero Vazquez" />
	<property name="email" value="marova@gmail.com" />
	<property name="phone" value="+34 967995789" />
	<property name="picture" value="http://www.aspirehire.co.uk/aspirehire-co-uk/_img/profile.svg"/>
	<property name="description" value="description3"/>
	<property name="birthDate" value="02/05/1988"/>
	<property name="creditCard" ref="creditCard3"/>
	<property name="avgStars" value="0.0" />
	<property name="genre" ref="genre1"/>
	<property name="kindRelationship" ref="kindRelationship3"/>
	<property name="feeAmount" value="5.0" />
	<property name="coordinate" ref="coordinate3"/>
	<property name="banned" value="false"/>
	<property name="userAccount" ref="userAccount4"/>
	<property name="searchTemplate" ref="searchTemplate3"/>
	<property name="likesReceived">
		<list>

		</list>
	</property>
	<property name="likesSent">
		<list>
			<ref bean="relationLike4"/>
		</list>
	</property>
	<property name="sent">
		<list>

		</list>
	</property>
	<property name="received">
		<list>
			
		</list>
	</property>
	<property name="relationEvents">
		<list>
			<ref bean="relationEvent3"/>
		</list>
	</property>
	</bean>

	
	<bean id="chorbi4" class="domain.Chorbi">
	<property name="name" value="Irene" />
	<property name="surname" value="Garcia Vazquez" />
	<property name="email" value="irgava@gmail.com" />
	<property name="phone" value="+34 968895789" />
	<property name="picture" value="http://www.aspirehire.co.uk/aspirehire-co-uk/_img/profile.svg"/>
	<property name="description" value="description4"/>
	<property name="birthDate" value="02/04/1980"/>
	<property name="creditCard" ref="creditCard4"/>
	<property name="avgStars" value="2.5" />
	<property name="genre" ref="genre2"/>
	<property name="kindRelationship" ref="kindRelationship2"/>
	<property name="feeAmount" value="10.0" />
	<property name="coordinate" ref="coordinate4"/>
	<property name="banned" value="false"/>
	<property name="userAccount" ref="userAccount5"/>
	<property name="searchTemplate" ref="searchTemplate4"/>
	<property name="likesSent">
		<list>
			<ref bean="relationLike6"/>
		</list>
	</property>
	<property name="likesReceived">
		<list>
			<ref bean="relationLike2"/>
			<ref bean="relationLike3"/>
			
		</list>
	</property>
	<property name="received">
		<list>
			<ref bean="chirp2"/>
			<ref bean="chirp3"/>
		</list>
	</property>
	<property name="relationEvents">
		<list>
			<ref bean="relationEvent4"/>
		</list>
	</property>
	</bean>
	
	<bean id="chorbi5" class="domain.Chorbi">
	<property name="name" value="Paco" />
	<property name="surname" value="Velmez Gracia" />
	<property name="email" value="pavegra@gmail.com" />
	<property name="phone" value="+34 967996789" />
	<property name="picture" value="http://www.aspirehire.co.uk/aspirehire-co-uk/_img/profile.svg"/>
	<property name="description" value="description5"/>
	<property name="birthDate" value="08/03/1975"/>
	<property name="genre" ref="genre1"/>
	<property name="avgStars" value="1.0" />
	<property name="feeAmount" value="20.0" />
	<property name="kindRelationship" ref="kindRelationship2"/>
	<property name="coordinate" ref="coordinate4"/>
	<property name="banned" value="false"/>
	<property name="userAccount" ref="userAccount6"/>
	<property name="searchTemplate" ref="searchTemplate5"/>
		<property name="likesReceived">
		<list>
			<ref bean="relationLike4"/>
		</list>
	</property>
	<property name="likesSent">
		<list>
			
		</list>
	</property>
	<property name="sent">
		<list>

		</list>
	</property>
	<property name="received">
		<list>

		</list>
	</property>
	<property name="relationEvents">
		<list>
			<ref bean="relationEvent5"/>
		</list>
	</property>
	</bean>
	
	<!-- Manager -->
	<bean id="manager1" class="domain.Manager">
	<property name="name" value="Pedro" />
	<property name="surname" value="Almodovar" />
	<property name="email" value="pAlm@gmail.com" />
	<property name="phone" value="+34 966122122" />
	<property name="userAccount" ref="userAccount7"/>
	<property name="company" value="Pedro's Company" />
	<property name="vat" value="ES-78787878" />
	<property name="creditCard" ref="creditCard5" />
	<property name="feeAmount" value="20.0" />
	<property name="events">
		<list>
			<ref bean="event1"/>
			<ref bean="event2"/>
		</list>
	</property>
	<property name="sent">
		<list>
		</list>
	</property>
	</bean>
	
	<bean id="manager2" class="domain.Manager">
	<property name="name" value="Montse" />
	<property name="surname" value="Caballet" />
	<property name="email" value="mCab@gmail.com" />
	<property name="phone" value="+34 900122122" />
	<property name="userAccount" ref="userAccount8"/>
	<property name="company" value="El canto de Montse" />
	<property name="vat" value="ES-23232323" />
	<property name="creditCard" ref="creditCard6" />
	<property name="feeAmount" value="15.0" />
	<property name="events">
		<list>
			<ref bean="event3"/>
			<ref bean="event4"/>
		</list>
	</property>
	<property name="sent">
		<list>
		</list>
	</property>
	</bean>
	
	<bean id="manager3" class="domain.Manager">
	<property name="name" value="Chunk" />
	<property name="surname" value="Corris" />
	<property name="email" value="RealNorris@gmail.com" />
	<property name="phone" value="+34 666111666" />
	<property name="userAccount" ref="userAccount9"/>
	<property name="company" value="Club Chunk" />
	<property name="vat" value="ES-66611666" />
	<property name="creditCard" ref="creditCard7" />
	<property name="feeAmount" value="100.0" />
	<property name="events">
		<list>
			<ref bean="event5"/>
		</list>
	</property>
	<property name="sent">
		<list>
		</list>
	</property>
	</bean>
	
	<!-- Event -->
	
	<bean id="event1" class="domain.Event">
	<property name="title" value="Evento de cine" />
	<property name="moment" value="05/20/2017 18:00" />
	<property name="description" value="Evento de cine superchulo organizado por el mejor del cine, Peeeedro" />
	<property name="picture" value="http://www.eventosregionxv.cl/wp-content/uploads/2015/03/ciclo-de-cine-Almodovar-Arica.jpg" />
	<property name="seatsOffered" value="50" />
	<property name="manager" ref="manager1"/>
	<property name="relationEvents">
		<list>
			<ref bean="relationEvent1"/>
		</list>
	</property>
	</bean>
	
	<bean id="event2" class="domain.Event">
	<property name="title" value="Evento de pelis" />
	<property name="moment" value="10/08/2016 22:30" />
	<property name="description" value="Evento de pelis de risa" />
	<property name="picture" value="https://www.findelahistoria.com/web/wp-content/uploads/2015/01/banne.bmp" />
	<property name="seatsOffered" value="30" />
	<property name="manager" ref="manager1"/>
	<property name="relationEvents">
		<list>
			<ref bean="relationEvent2"/>
		</list>
	</property>
	</bean>
	
	<bean id="event3" class="domain.Event">
	<property name="title" value="Evento de karaoke" />
	<property name="moment" value="05/22/2017 18:00" />
	<property name="description" value="Karaok3" />
	<property name="picture" value="http://2.bp.blogspot.com/_W-1r3mo-nXE/TRPCDxIdVPI/AAAAAAAAAXQ/5iWUFbc5jfU/s1600/Karaoke%2BFront-1.jpg" />
	<property name="seatsOffered" value="2" />
	<property name="manager" ref="manager2"/>
	<property name="relationEvents">
		<list>
			<ref bean="relationEvent3"/>
			<ref bean="relationEvent6"/>
		</list>
	</property>
	</bean>
	
	<bean id="event4" class="domain.Event">
	<property name="title" value="Evento de lecciones de canto" />
	<property name="moment" value="11/04/2016 12:30" />
	<property name="description" value="Lecciones de canto para que chorbies aprendan juntos y echen unos jajas" />
	<property name="picture" value="http://caracas.afvenezuela.org/wp-content/uploads/2016/01/ganadores-canta-en-frances.jpg" />
	<property name="seatsOffered" value="20" />
	<property name="manager" ref="manager2"/>
	<property name="relationEvents">
		<list>
			<ref bean="relationEvent4"/>
		</list>
	</property>
	</bean>
	
	<bean id="event5" class="domain.Event">
	<property name="title" value="Evento de Chunk" />
	<property name="moment" value="06/22/2017 15:00" />
	<property name="description" value="Evento grandioso de chunk, no te arrepentiras ;)" />
	<property name="picture" value="https://i.ytimg.com/vi/7ZJaa2jOwCo/hqdefault.jpg" />
	<property name="seatsOffered" value="999" />
	<property name="manager" ref="manager3"/>
	<property name="relationEvents">
		<list>
			<ref bean="relationEvent5"/>
		</list>
	</property>
	</bean>
	
	<!-- Chirps -->
	<bean id="chirp1" class="domain.Chirp">
	<property name="moment" value="02/05/2017 17:44"/>
	<property name="subject" value="subject1"/>
	<property name="text" value="text1"/>
	<property name="attachment">
			<set>
				<value>http://www.google.es</value>
				<value>http://www.google.es</value>
				<value>http://www.google.es</value>
			</set>
		</property>
	<property name="sender" ref="chorbi1"/>
	<property name="recipient" ref="chorbi2"/>
	<property name="deleteSender" value="false"/>
	<property name="deleteRecipient" value="false"/>
	</bean>
	
	<bean id="chirp2" class="domain.Chirp">
	<property name="moment" value="03/05/2017 17:44"/>
	<property name="subject" value="subject2"/>
	<property name="text" value="text2"/>
	<property name="attachment">
			<set>
				<value>http://www.google.es</value>
				<value>http://www.google.es</value>
				
			</set>
		</property>
	<property name="sender" ref="chorbi1"/>
	<property name="recipient" ref="chorbi4"/>
	<property name="deleteSender" value="false"/>
	<property name="deleteRecipient" value="false"/>
	</bean>
	
	<bean id="chirp3" class="domain.Chirp">
	<property name="moment" value="01/05/2017 17:44"/>
	<property name="subject" value="subject3"/>
	<property name="text" value="text3"/>
	<property name="attachment">
			<set>
			</set>
		</property>
	<property name="sender" ref="chorbi2"/>
	<property name="recipient" ref="chorbi4"/>
	<property name="deleteSender" value="false"/>
	<property name="deleteRecipient" value="false"/>
	</bean>
	
	<bean id="chirp4" class="domain.Chirp">
	<property name="moment" value="01/05/2017 10:45"/>
	<property name="subject" value="subject4"/>
	<property name="text" value="text4"/>
	<property name="attachment">
			<set>
				
			</set>
		</property>
	<property name="sender" ref="chorbi1"/>
	<property name="recipient" ref="chorbi2"/>
	<property name="deleteSender" value="false"/>
	<property name="deleteRecipient" value="false"/>
	</bean>
	
	<bean id="chirp5" class="domain.Chirp">
	<property name="moment" value="01/05/2017 10:45"/>
	<property name="subject" value="subject4"/>
	<property name="text" value="text4"/>
	<property name="attachment">
			<set>
				
			</set>
		</property>
	<property name="sender" ref="manager1"/>
	<property name="recipient" ref="chorbi1"/>
	<property name="deleteSender" value="false"/>
	<property name="deleteRecipient" value="false"/>
	</bean>
	
	<!-- RelationEvent -->
	<bean id="relationEvent1" class="domain.RelationEvent">
	<property name="chorbi" ref="chorbi1"/>
	<property name="event" ref="event1"/>
	</bean>
	
	<bean id="relationEvent2" class="domain.RelationEvent">
	<property name="chorbi" ref="chorbi2"/>
	<property name="event" ref="event2"/>
	</bean>
	
	<bean id="relationEvent3" class="domain.RelationEvent">
	<property name="chorbi" ref="chorbi3"/>
	<property name="event" ref="event3"/>
	</bean>
	
	<bean id="relationEvent4" class="domain.RelationEvent">
	<property name="chorbi" ref="chorbi4"/>
	<property name="event" ref="event4"/>
	</bean>
	
	<bean id="relationEvent5" class="domain.RelationEvent">
	<property name="chorbi" ref="chorbi5"/>
	<property name="event" ref="event5"/>
	</bean>
	
	<bean id="relationEvent6" class="domain.RelationEvent">
	<property name="chorbi" ref="chorbi1"/>
	<property name="event" ref="event3"/>
	</bean>
	
	<!-- RelationLike -->
	<bean id="relationLike1" class="domain.RelationLike">
	<property name="moment" value="03/31/2017 12:45"/>
	<property name="comment" value="Me pareces muy interesante"/>
	<property name="stars" value="3"/>
	<property name="likeSender" ref="chorbi1"/>
	<property name="likeRecipient" ref="chorbi2"/>
	
	</bean>
	
	<bean id="relationLike2" class="domain.RelationLike">
	<property name="moment" value="03/31/2017 14:55"/>
	<property name="stars" value="2"/>
	<property name="likeSender" ref="chorbi1"/>
	<property name="likeRecipient" ref="chorbi4"/>
	
	</bean>
	
	<bean id="relationLike3" class="domain.RelationLike">
	<property name="moment" value="03/30/2017 15:55"/>
	<property name="comment" value="Me pareces muy interesante"/>
	<property name="stars" value="3"/>
	<property name="likeSender" ref="chorbi2"/>
	<property name="likeRecipient" ref="chorbi4"/>
	
	</bean>
	
	<bean id="relationLike4" class="domain.RelationLike">
	<property name="moment" value="02/16/2017 12:15"/>
	<property name="comment" value="Tienes mucha carisma"/>
	<property name="stars" value="1"/>
	<property name="likeSender" ref="chorbi3"/>
	<property name="likeRecipient" ref="chorbi5"/>
	
	</bean>
	
	<bean id="relationLike5" class="domain.RelationLike">
	<property name="moment" value="03/14/2017 22:13"/>
	<property name="stars" value="2"/>
	<property name="likeSender" ref="chorbi2"/>
	<property name="likeRecipient" ref="chorbi1"/>
	
	</bean>
	
	<bean id="relationLike6" class="domain.RelationLike">
	<property name="moment" value="01/16/2017 19:45"/>
	<property name="comment" value="Podriamos conectar :^)"/>
	<property name="stars" value="3"/>
	<property name="likeSender" ref="chorbi4"/>
	<property name="likeRecipient" ref="chorbi2"/>
	
	</bean>
	<!-- Other domain beans come here -->	
	
</beans>